{
  "configuration": {
    "model": "Enhanced MLP (ESM2 + Engineered)",
    "features": "ESM2 (1280D) + Engineered (64D) = 1344D",
    "thresholding": "Per-class adaptive (F1-optimized)",
    "n_folds": 5,
    "epochs": 30,
    "batch_size": 16,
    "learning_rate": 0.0001,
    "n_classes": 30
  },
  "cross_validation_results": {
    "macro_f1_mean": 0.1914898074718522,
    "macro_f1_std": 0.01633704333953598,
    "micro_f1_mean": 0.3142815354622079,
    "precision_mean": 0.17486301119052644,
    "recall_mean": 0.2791632120602709,
    "fold_results": [
      {
        "fold": 1,
        "macro_f1": 0.196656125561003,
        "micro_f1": 0.3258655804480652,
        "precision": 0.1740837665751504,
        "recall": 0.26759823509823516,
        "optimal_thresholds": [
          0.17000000000000004,
          0.09000000000000001,
          0.060000000000000005,
          0.5,
          0.5,
          0.5,
          0.5,
          0.5,
          0.5,
          0.5,
          0.16000000000000003,
          0.14,
          0.1,
          0.05,
          0.5,
          0.5,
          0.05,
          0.5,
          0.1,
          0.5,
          0.16000000000000003,
          0.5,
          0.5,
          0.18000000000000002,
          0.5,
          0.17000000000000004,
          0.24000000000000005,
          0.23000000000000004,
          0.5,
          0.5
        ]
      },
      {
        "fold": 2,
        "macro_f1": 0.16523769999410953,
        "micro_f1": 0.3134020618556701,
        "precision": 0.1399700153647522,
        "recall": 0.25278439153439153,
        "optimal_thresholds": [
          0.24000000000000005,
          0.16000000000000003,
          0.09000000000000001,
          0.5,
          0.5,
          0.11000000000000001,
          0.5,
          0.05,
          0.5,
          0.5,
          0.08000000000000002,
          0.16000000000000003,
          0.12000000000000002,
          0.09000000000000001,
          0.5,
          0.5,
          0.05,
          0.5,
          0.09000000000000001,
          0.5,
          0.23000000000000004,
          0.5,
          0.5,
          0.17000000000000004,
          0.5,
          0.09000000000000001,
          0.24000000000000005,
          0.37000000000000005,
          0.5,
          0.5
        ]
      },
      {
        "fold": 3,
        "macro_f1": 0.18085863364385407,
        "micro_f1": 0.288135593220339,
        "precision": 0.1494004461406422,
        "recall": 0.2710714285714285,
        "optimal_thresholds": [
          0.29000000000000004,
          0.14,
          0.14,
          0.08000000000000002,
          0.1,
          0.13,
          0.05,
          0.11000000000000001,
          0.5,
          0.5,
          0.20000000000000004,
          0.23000000000000004,
          0.11000000000000001,
          0.1,
          0.060000000000000005,
          0.5,
          0.09000000000000001,
          0.5,
          0.13,
          0.5,
          0.12000000000000002,
          0.5,
          0.5,
          0.23000000000000004,
          0.5,
          0.07,
          0.27,
          0.5,
          0.5,
          0.5
        ]
      },
      {
        "fold": 4,
        "macro_f1": 0.20849419504613492,
        "micro_f1": 0.3379174852652259,
        "precision": 0.20825675305854335,
        "recall": 0.2850457657810599,
        "optimal_thresholds": [
          0.25000000000000006,
          0.22000000000000003,
          0.1,
          0.05,
          0.07,
          0.07,
          0.5,
          0.12000000000000002,
          0.5,
          0.5,
          0.18000000000000002,
          0.11000000000000001,
          0.08000000000000002,
          0.08000000000000002,
          0.07,
          0.5,
          0.1,
          0.5,
          0.07,
          0.5,
          0.07,
          0.5,
          0.5,
          0.25000000000000006,
          0.5,
          0.11000000000000001,
          0.05,
          0.22000000000000003,
          0.5,
          0.5
        ]
      },
      {
        "fold": 5,
        "macro_f1": 0.20620238311415945,
        "micro_f1": 0.3060869565217391,
        "precision": 0.20260407481354395,
        "recall": 0.3193162393162393,
        "optimal_thresholds": [
          0.23000000000000004,
          0.15000000000000002,
          0.08000000000000002,
          0.05,
          0.08000000000000002,
          0.08000000000000002,
          0.5,
          0.09000000000000001,
          0.5,
          0.5,
          0.11000000000000001,
          0.17000000000000004,
          0.11000000000000001,
          0.13,
          0.5,
          0.5,
          0.08000000000000002,
          0.5,
          0.060000000000000005,
          0.5,
          0.24000000000000005,
          0.5,
          0.5,
          0.08000000000000002,
          0.5,
          0.27,
          0.32000000000000006,
          0.21000000000000002,
          0.5,
          0.5
        ]
      }
    ]
  },
  "threshold_analysis": {
    "avg_thresholds": [
      0.23600000000000004,
      0.15200000000000002,
      0.094,
      0.23600000000000004,
      0.25000000000000006,
      0.17800000000000002,
      0.41,
      0.174,
      0.5,
      0.5,
      0.14600000000000002,
      0.162,
      0.10400000000000002,
      0.09000000000000001,
      0.326,
      0.5,
      0.07400000000000001,
      0.5,
      0.09,
      0.5,
      0.164,
      0.5,
      0.5,
      0.18200000000000002,
      0.5,
      0.14200000000000002,
      0.22400000000000003,
      0.306,
      0.5,
      0.5
    ],
    "threshold_mean": 0.2913333333333334,
    "threshold_std": 0.1632955058237128,
    "threshold_min": 0.07400000000000001,
    "threshold_max": 0.5
  }
}